{"cameraMode":{"drawMode":0,"name":"Shaded","section":"Shading Mode"},"sceneLighting":false,"audioPlay":false,"sceneViewState":{"m_AlwaysRefresh":false,"showFog":true,"showSkybox":false,"showFlares":true,"showImageEffects":true,"showParticleSystems":true,"showVisualEffectGraphs":true,"m_FxEnabled":true},"in2DMode":false,"pivot":{"x":0.010399997234344483,"y":1.088982105255127,"z":-0.04432108998298645},"rotation":{"x":0.006782568525522947,"y":0.9822598695755005,"z":-0.1866564154624939,"w":0.03200491517782211},"size":0.2774610221385956,"orthographic":true}